root,memory,store,seed,runs,N,M,wpt,R,subgroups,smem_bytes,bin,n_keys,max_invocations,max_smem_size,target_wg_size,sampler,wg,segments,keys,run,wall_ns,gpu_ns,throughput_mkeys_s
output/kernels/smem_n256_m64_block,smem,block,1,50,256,64,4,0,32,16384,8,1048576,256,16384,256,uniform,256,5455,1048421,0,2302000,589824,455.439183
output/kernels/smem_n256_m64_block,smem,block,1,50,256,64,4,0,32,16384,8,1048576,256,16384,256,uniform,256,5455,1048421,1,1420000,589824,738.324648
output/kernels/smem_n256_m64_block,smem,block,1,50,256,64,4,0,32,16384,8,1048576,256,16384,256,uniform,256,5455,1048421,2,1379000,655360,760.276287
output/kernels/smem_n256_m64_block,smem,block,1,50,256,64,4,0,32,16384,8,1048576,256,16384,256,uniform,256,5455,1048421,3,1373000,589824,763.598689
output/kernels/smem_n256_m64_block,smem,block,1,50,256,64,4,0,32,16384,8,1048576,256,16384,256,uniform,256,5455,1048421,4,1397000,589824,750.480315
output/kernels/smem_n256_m64_block,smem,block,1,50,256,64,4,0,32,16384,8,1048576,256,16384,256,uniform,256,5455,1048421,5,1723000,589824,608.485781
output/kernels/smem_n256_m64_block,smem,block,1,50,256,64,4,0,32,16384,8,1048576,256,16384,256,uniform,256,5455,1048421,6,1399000,589824,749.407434
output/kernels/smem_n256_m64_block,smem,block,1,50,256,64,4,0,32,16384,8,1048576,256,16384,256,uniform,256,5455,1048421,7,1392000,655360,753.176006
output/kernels/smem_n256_m64_block,smem,block,1,50,256,64,4,0,32,16384,8,1048576,256,16384,256,uniform,256,5455,1048421,8,1405000,589824,746.207117
output/kernels/smem_n256_m64_block,smem,block,1,50,256,64,4,0,32,16384,8,1048576,256,16384,256,uniform,256,5455,1048421,9,1357000,655360,772.602063
output/kernels/smem_n256_m64_block,smem,block,1,50,256,64,4,0,32,16384,8,1048576,256,16384,256,uniform,256,5455,1048421,10,1677000,655360,625.176506
output/kernels/smem_n256_m64_block,smem,block,1,50,256,64,4,0,32,16384,8,1048576,256,16384,256,uniform,256,5455,1048421,11,1199000,655360,874.412844
output/kernels/smem_n256_m64_block,smem,block,1,50,256,64,4,0,32,16384,8,1048576,256,16384,256,uniform,256,5455,1048421,12,1049000,196608,999.448046
output/kernels/smem_n256_m64_block,smem,block,1,50,256,64,4,0,32,16384,8,1048576,256,16384,256,uniform,256,5455,1048421,13,585000,196608,1792.172650
output/kernels/smem_n256_m64_block,smem,block,1,50,256,64,4,0,32,16384,8,1048576,256,16384,256,uniform,256,5455,1048421,14,707000,196608,1482.915134
output/kernels/smem_n256_m64_block,smem,block,1,50,256,64,4,0,32,16384,8,1048576,256,16384,256,uniform,256,5455,1048421,15,1059000,196608,990.010387
output/kernels/smem_n256_m64_block,smem,block,1,50,256,64,4,0,32,16384,8,1048576,256,16384,256,uniform,256,5455,1048421,16,1061000,196608,988.144204
output/kernels/smem_n256_m64_block,smem,block,1,50,256,64,4,0,32,16384,8,1048576,256,16384,256,uniform,256,5455,1048421,17,580000,262144,1807.622414
output/kernels/smem_n256_m64_block,smem,block,1,50,256,64,4,0,32,16384,8,1048576,256,16384,256,uniform,256,5455,1048421,18,569000,196608,1842.567663
output/kernels/smem_n256_m64_block,smem,block,1,50,256,64,4,0,32,16384,8,1048576,256,16384,256,uniform,256,5455,1048421,19,582000,196608,1801.410653
output/kernels/smem_n256_m64_block,smem,block,1,50,256,64,4,0,32,16384,8,1048576,256,16384,256,uniform,256,5455,1048421,20,598000,196608,1753.212375
output/kernels/smem_n256_m64_block,smem,block,1,50,256,64,4,0,32,16384,8,1048576,256,16384,256,uniform,256,5455,1048421,21,1069000,196608,980.749298
output/kernels/smem_n256_m64_block,smem,block,1,50,256,64,4,0,32,16384,8,1048576,256,16384,256,uniform,256,5455,1048421,22,585000,196608,1792.172650
output/kernels/smem_n256_m64_block,smem,block,1,50,256,64,4,0,32,16384,8,1048576,256,16384,256,uniform,256,5455,1048421,23,604000,196608,1735.796358
output/kernels/smem_n256_m64_block,smem,block,1,50,256,64,4,0,32,16384,8,1048576,256,16384,256,uniform,256,5455,1048421,24,604000,196608,1735.796358
output/kernels/smem_n256_m64_block,smem,block,1,50,256,64,4,0,32,16384,8,1048576,256,16384,256,uniform,256,5455,1048421,25,614000,196608,1707.526059
output/kernels/smem_n256_m64_block,smem,block,1,50,256,64,4,0,32,16384,8,1048576,256,16384,256,uniform,256,5455,1048421,26,598000,196608,1753.212375
output/kernels/smem_n256_m64_block,smem,block,1,50,256,64,4,0,32,16384,8,1048576,256,16384,256,uniform,256,5455,1048421,27,598000,196608,1753.212375
output/kernels/smem_n256_m64_block,smem,block,1,50,256,64,4,0,32,16384,8,1048576,256,16384,256,uniform,256,5455,1048421,28,580000,196608,1807.622414
output/kernels/smem_n256_m64_block,smem,block,1,50,256,64,4,0,32,16384,8,1048576,256,16384,256,uniform,256,5455,1048421,29,561000,196608,1868.843137
output/kernels/smem_n256_m64_block,smem,block,1,50,256,64,4,0,32,16384,8,1048576,256,16384,256,uniform,256,5455,1048421,30,569000,196608,1842.567663
output/kernels/smem_n256_m64_block,smem,block,1,50,256,64,4,0,32,16384,8,1048576,256,16384,256,uniform,256,5455,1048421,31,598000,196608,1753.212375
output/kernels/smem_n256_m64_block,smem,block,1,50,256,64,4,0,32,16384,8,1048576,256,16384,256,uniform,256,5455,1048421,32,590000,196608,1776.984746
output/kernels/smem_n256_m64_block,smem,block,1,50,256,64,4,0,32,16384,8,1048576,256,16384,256,uniform,256,5455,1048421,33,579000,262144,1810.744387
output/kernels/smem_n256_m64_block,smem,block,1,50,256,64,4,0,32,16384,8,1048576,256,16384,256,uniform,256,5455,1048421,34,548000,196608,1913.177007
output/kernels/smem_n256_m64_block,smem,block,1,50,256,64,4,0,32,16384,8,1048576,256,16384,256,uniform,256,5455,1048421,35,645000,196608,1625.458915
output/kernels/smem_n256_m64_block,smem,block,1,50,256,64,4,0,32,16384,8,1048576,256,16384,256,uniform,256,5455,1048421,36,545000,196608,1923.708257
output/kernels/smem_n256_m64_block,smem,block,1,50,256,64,4,0,32,16384,8,1048576,256,16384,256,uniform,256,5455,1048421,37,576000,196608,1820.175347
output/kernels/smem_n256_m64_block,smem,block,1,50,256,64,4,0,32,16384,8,1048576,256,16384,256,uniform,256,5455,1048421,38,575000,196608,1823.340870
output/kernels/smem_n256_m64_block,smem,block,1,50,256,64,4,0,32,16384,8,1048576,256,16384,256,uniform,256,5455,1048421,39,557000,196608,1882.263914
output/kernels/smem_n256_m64_block,smem,block,1,50,256,64,4,0,32,16384,8,1048576,256,16384,256,uniform,256,5455,1048421,40,580000,196608,1807.622414
output/kernels/smem_n256_m64_block,smem,block,1,50,256,64,4,0,32,16384,8,1048576,256,16384,256,uniform,256,5455,1048421,41,578000,262144,1813.877163
output/kernels/smem_n256_m64_block,smem,block,1,50,256,64,4,0,32,16384,8,1048576,256,16384,256,uniform,256,5455,1048421,42,557000,196608,1882.263914
output/kernels/smem_n256_m64_block,smem,block,1,50,256,64,4,0,32,16384,8,1048576,256,16384,256,uniform,256,5455,1048421,43,587000,262144,1786.066440
output/kernels/smem_n256_m64_block,smem,block,1,50,256,64,4,0,32,16384,8,1048576,256,16384,256,uniform,256,5455,1048421,44,552000,196608,1899.313406
output/kernels/smem_n256_m64_block,smem,block,1,50,256,64,4,0,32,16384,8,1048576,256,16384,256,uniform,256,5455,1048421,45,596000,196608,1759.095638
output/kernels/smem_n256_m64_block,smem,block,1,50,256,64,4,0,32,16384,8,1048576,256,16384,256,uniform,256,5455,1048421,46,587000,196608,1786.066440
output/kernels/smem_n256_m64_block,smem,block,1,50,256,64,4,0,32,16384,8,1048576,256,16384,256,uniform,256,5455,1048421,47,588000,196608,1783.028912
output/kernels/smem_n256_m64_block,smem,block,1,50,256,64,4,0,32,16384,8,1048576,256,16384,256,uniform,256,5455,1048421,48,576000,196608,1820.175347
output/kernels/smem_n256_m64_block,smem,block,1,50,256,64,4,0,32,16384,8,1048576,256,16384,256,uniform,256,5455,1048421,49,582000,196608,1801.410653
